id;name;create_by;created_at
1;underneath;vice sink because;2024-11-24T19:48:13
2;whenever;underneath;2024-11-24T20:24:26
3;pudding through;whopping present and;2024-11-24T10:28:30
4;once since well-lit;modulo off;2024-11-24T20:22:49
5;ick fit;shave bidet;2024-11-25T07:11:18
6;likewise;silent commonly thump;2024-11-24T15:57:37
7;in twitter commodity;outside fitness mid;2024-11-25T07:56:11
8;um thyme;greedily duh oof;2024-11-24T12:24:05
9;amidst;on;2024-11-24T15:22:14
10;beside soy terribly;questionably neatly sequence;2024-11-24T17:54:29
