id;name;create_by;created_at;status
1;ply gadzooks;shiver pro boiling;2024-11-24T21:53:01;allay full
2;every when even;furiously limping whenever;2024-11-24T20:08:41;woot
3;after aside flawless;mmm who yuck;2024-11-24T13:01:26;transgress teen horn
4;vaguely barring viciously;profuse onto gosh;2024-11-25T06:25:28;wisely perpetrate within
5;nation before;super;2024-11-25T03:11:01;because
6;engorge teammate anenst;on;2024-11-24T12:40:11;surge silence midst
7;language unto;crossly whoever hope;2024-11-25T05:04:55;ultimate daylight
8;righteously;control inside;2024-11-25T02:15:50;leafy squirm versus
9;aboard oof;beret poleaxe;2024-11-24T13:09:30;straighten
10;into tasty;the battleship;2024-11-24T22:30:31;that
